timestamp	name	cpu_percent	memory_usage	db_connections
2026-08-20T17:17:04+09:00	bn-vs-spring	0.12%	213.5MiB / 1GiB	91
2026-08-20T17:17:06+09:00	bn-vs-spring	231.57%	216.2MiB / 1GiB	91
2026-08-20T17:17:09+09:00	bn-vs-spring	238.69%	216.5MiB / 1GiB	91
2026-08-20T17:17:11+09:00	bn-vs-spring	221.22%	217.7MiB / 1GiB	91
2026-08-20T17:17:13+09:00	bn-vs-spring	207.83%	220.2MiB / 1GiB	91
2026-08-20T17:17:16+09:00	bn-vs-spring	230.00%	221.8MiB / 1GiB	91
2026-08-20T17:17:18+09:00	bn-vs-spring	217.09%	222.3MiB / 1GiB	91
2026-08-20T17:17:21+09:00	bn-vs-spring	213.96%	223.7MiB / 1GiB	91
2026-08-20T17:17:23+09:00	bn-vs-spring	214.75%	224.6MiB / 1GiB	91
2026-08-20T17:17:23+09:00	bn-vs-spring	211.74%	226.1MiB / 1GiB	91
2026-08-20T17:17:25+09:00	bn-vs-spring	221.86%	227.7MiB / 1GiB	91
2026-08-20T17:17:28+09:00	bn-vs-spring	223.26%	228.9MiB / 1GiB	91
2026-08-20T17:17:31+09:00	bn-vs-spring	222.57%	230.9MiB / 1GiB	91
