kind,implementation,concurrency,run,cpu_peak_percent,memory_peak_mib,rps,p95_ms,failure_rate
ai,fastapi-legacy,100,1,2.29,41.26,15.936,6034.111,0.932367
ai,fastapi-legacy,100,2,2.56,41.05,16.044,6004.083,0.934625
ai,fastapi-legacy,100,3,2.2,40.81,16.046,6005.064,0.934466
ai,fastapi-legacy,10,1,1.31,39.7,4.807,2125.054,0.0
ai,fastapi-legacy,10,2,1.78,38.12,4.811,2101.402,0.0
ai,fastapi-legacy,10,3,2.1,38.38,4.836,2080.878,0.0
ai,fastapi-legacy,300,1,7.02,43.37,46.943,6283.804,0.977723
ai,fastapi-legacy,300,2,7.34,43.05,46.754,6138.2,0.97853
ai,fastapi-legacy,300,3,5.73,41.68,47.609,6092.971,0.979339
ai,fastapi-safe,100,1,97.1,46.39,48.485,5263.28,0.053384
ai,fastapi-safe,100,2,92.25,46.98,65.345,4581.308,0.009266
ai,fastapi-safe,100,3,92.39,47.14,65.087,4924.039,0.012057
ai,fastapi-safe,10,1,26.67,41.13,47.016,229.609,0.0
ai,fastapi-safe,10,2,33.92,40.84,47.155,224.097,0.0
ai,fastapi-safe,10,3,27.67,41.36,47.402,221.986,0.0
ai,fastapi-safe,300,1,93.6,59.73,65.596,6000.883,0.424551
ai,fastapi-safe,300,2,99.06,70.05,50.662,6030.104,0.844882
ai,fastapi-safe,300,3,98.47,70.45,53.567,6027.429,0.775495
ai,spring,100,1,164.23,261.0,407.144,300.914,0.0
ai,spring,100,2,77.51,287.7,483.474,213.832,0.0
ai,spring,100,3,39.52,348.9,483.704,212.449,0.0
ai,spring,10,1,57.19,165.9,47.659,216.481,0.0
ai,spring,10,2,38.72,166.5,48.035,209.871,0.0
ai,spring,10,3,52.84,167.5,48.224,213.805,0.0
ai,spring,300,1,122.15,606.3,557.004,764.501,0.0
ai,spring,300,2,133.91,629.0,688.205,760.466,0.0
ai,spring,300,3,112.43,643.5,543.299,840.183,0.005133
sse,fastapi-safe,100,1,61.67,66.6,0,698.836,0.0
sse,fastapi-safe,100,2,50.68,67.17,0,511.486,0.0
sse,fastapi-safe,100,3,69.35,66.89,0,864.528,0.0
sse,fastapi-safe,20,1,20.72,69.32,0,319.485,0.0
sse,fastapi-safe,20,2,16.01,69.0,0,365.357,0.0
sse,fastapi-safe,20,3,0.23,67.51,0,399.632,0.0
sse,spring,100,1,0.03,622.9,0,265.016,0.0
sse,spring,100,2,0.03,623.7,0,248.84,0.0
sse,spring,100,3,0.05,624.0,0,383.374,0.0
sse,spring,20,1,0.04,622.5,0,172.988,0.0
sse,spring,20,2,0.12,622.5,0,133.217,0.0
sse,spring,20,3,0.15,622.8,0,130.828,0.0
ws,fastapi-safe,100,1,0.18,66.78,0,15.436,0.0
ws,fastapi-safe,100,2,0.48,66.93,0,9.681,0.0
ws,fastapi-safe,100,3,0.17,67.41,0,15.405,0.0
ws,fastapi-safe,500,1,54.84,69.04,0,57.003,0.0
ws,fastapi-safe,500,2,90.99,69.59,0,58.423,0.0
ws,fastapi-safe,500,3,74.46,70.56,0,141.986,0.0
ws,spring,100,1,76.39,626.0,0,46.758,0.0
ws,spring,100,2,0.04,625.9,0,32.817,0.0
ws,spring,100,3,41.42,627.0,0,39.216,0.0
ws,spring,500,1,44.0,630.1,0,152.463,0.0
ws,spring,500,2,73.52,629.1,0,188.269,0.0
ws,spring,500,3,115.04,631.0,0,36.381,0.0
