implementation,scenario,vus,run,rps,p50_ms,p95_ms,p99_ms,failure_rate,cpu_peak_percent,memory_peak_mib
fastapi-async,db,100,1,510.07367238456027,183.2849865,343.72506575,669.6763694000001,0,97.98,38.35
fastapi-async,db,100,2,545.2206235585659,179.844533,311.90664419999996,432.83301315999967,0,82.74,39.2
fastapi-async,db,100,3,553.8670224778274,179.306164,320.4271022,656.02941836,0,95.77,39.39
fastapi-async,db,10,1,188.05590614869877,52.4889755,54.29250425,68.71228715000002,0,20.91,35.61
fastapi-async,db,10,2,188.072883989036,52.404323,54.362046,69.702258,0,20.94,35.16
fastapi-async,db,10,3,187.81318330068194,52.462415,54.5987083,69.86895870999999,0,21.88,35.61
fastapi-async,db,500,1,516.2318371861834,968.2027009999999,1968.1777888499996,2758.9795002600013,0,89.54,47.2
fastapi-async,db,500,2,502.2982263499027,988.074575,1967.6003552999998,2879.8747007600014,0,88.8,48.15
fastapi-async,db,500,3,515.3209864806396,940.5782615,1919.7680548,2805.01100476,0,91.83,47.68
fastapi-async,io,100,1,537.5900828078192,202.050537,208.26640475,212.26858654000003,0,5.67,36.36
fastapi-async,io,100,2,536.7366849295943,202.3744785,207.6039771,214.60753302,0,5.72,36.45
fastapi-async,io,100,3,536.0417037834876,202.38401449999998,209.12318835,212.99083337000005,0,5.85,36.4
fastapi-async,io,10,1,53.683576302207186,202.2522335,207.3833618,218.29950219,0,1.7,34.75
fastapi-async,io,10,2,53.73976299140636,202.09760799999998,208.4652409,213.85125078000002,0,1.92,34.57
fastapi-async,io,10,3,53.79643282612652,202.275246,205.0851646,208.10322963000002,0,1.78,34.57
fastapi-async,io,500,1,2668.4586054601955,201.85322,209.0199363,223.46467224,0,30.7,44.71
fastapi-async,io,500,2,2666.468232995077,201.958402,210.72577739999997,224.54215484000002,0,30.48,44.82
fastapi-async,io,500,3,2056.174562807784,205.8832295,520.3792700500001,611.7089706499999,0,97.91,45.11
fastapi-current,db,100,1,542.6453790466011,179.089952,310.57467189999994,931.85512306,0,90.94,37.36
fastapi-current,db,100,2,526.5759554391954,177.7354885,311.37364805,453.4492010299999,0,85.39,36.93
fastapi-current,db,100,3,492.3538434726548,185.636578,343.050676,672.8032983999999,0,94.14,36.96
fastapi-current,db,10,1,188.55833396153736,52.448751,54.13728479999999,65.70299632,0,19.68,35.85
fastapi-current,db,10,2,183.07975738291194,52.5245855,53.9186257,69.52260219000001,0,21.32,34.24
fastapi-current,db,10,3,182.61455427704965,52.491962,54.955172000000005,69.61829509999998,0,20.44,34.2
fastapi-current,db,500,1,479.6499013899208,935.643525,2031.1790658,3131.4272305999975,0,94.36,46.33
fastapi-current,db,500,2,491.7957609452103,998.202365,2246.1868876999993,3333.7602845,0,93.7,46.09
fastapi-current,db,500,3,497.4248217857382,938.614949,1899.5250075,2703.83086256,0,90.52,45.72
fastapi-current,io,100,1,13.484752892507256,7496.309344,10000.8236932,10001.21360748,0.6381418092909535,0.21,33.31
fastapi-current,io,100,2,10.213520427010472,9308.330825500001,10001.10041325,10001.3286405,0.5824468085106383,0.4,33.52
fastapi-current,io,100,3,13.576947875161919,9999.899598,10001.0837538,10001.48421244,0.6412776412776413,0.3,33.33
fastapi-current,io,10,1,5.375979586400792,2014.869433,2051.4292145,3613.3372759200092,0,1.18,34.67
fastapi-current,io,10,2,5.387071725261283,2010.479225,2073.759156,4296.183171759999,0,0.45,33.04
fastapi-current,io,10,3,5.317487216123234,2023.626084,2083.6604094,4552.848515360009,0,0.34,33.18
fastapi-current,io,500,1,51.90215803978989,9999.946613,10000.8670523,10001.23570074,0.9035916824196597,0.36,33.2
fastapi-current,io,500,2,52.04103988899564,9999.94954,10000.9361695,10001.23382372,0.9043151969981238,0.24,33.36
fastapi-current,io,500,3,54.321894944491355,10000.182881,10003.234073599999,10004.451112890001,0.9493589743589743,0.37,33.57
spring-platform,db,100,1,579.2368321762581,169.321203,197.238058,293.93137612,0,135.08,194.8
spring-platform,db,100,2,585.0246319542996,169.40356,191.61912504999998,289.75006320999995,0,46.34,198.9
spring-platform,db,100,3,585.3135815699944,169.65499599999998,192.51278799999997,291.71525074999994,0,55.84,204.1
spring-platform,db,10,1,190.23122285011684,51.809785000000005,54.408130950000015,69.06222193999997,0,96.29,167.4
spring-platform,db,10,2,192.08083312290566,51.38833,53.667991199999996,66.94948354000006,0,16.63,166.5
spring-platform,db,10,3,191.96461849695808,51.379594999999995,53.48060825,66.16203454999993,0,17.24,162.2
spring-platform,db,500,1,582.0555308533753,851.6463755,1136.04265185,1306.13346338,0,76.91,237.3
spring-platform,db,500,2,583.8844692862557,851.8016259999999,1121.6585205,1161.4585089,0,38.95,246.4
spring-platform,db,500,3,585.4228604166484,851.738921,1129.1054347499999,1154.40860948,0,32.49,254.9
spring-platform,io,100,1,541.6842773615956,200.572649,202.6486439,210.07766928,0,16.05,174.6
spring-platform,io,100,2,541.718640785035,200.559838,202.82261925,210.23128119999998,0,13.16,178.9
spring-platform,io,100,3,533.8423574776012,200.9387035,208.85247594999998,246.48954230999985,0,50.15,182.6
spring-platform,io,10,1,53.62044157628287,201.86026149999998,208.29663055,215.19909673000004,0,14.63,136.9
spring-platform,io,10,2,53.6278280992667,201.682065,209.2592128,218.57102140000003,0,30.29,139.0
spring-platform,io,10,3,53.63589431322595,201.625183,206.5327634,214.43519708000002,0,8.2,139.4
spring-platform,io,500,1,984.421002824814,499.883116,562.6662948000001,577.87889608,0,81.58,217.3
spring-platform,io,500,2,983.785707916588,497.71103600000004,573.25331375,580.3070788,0,59.17,226.5
spring-platform,io,500,3,984.0921396840781,502.375681,555.1204676,572.85289762,0,72.18,235.4
spring-virtual,db,100,1,574.3098149617533,171.385087,255.402022,320.54718080000026,0,80.94,190.2
spring-virtual,db,100,2,579.9064256598317,170.898434,219.3707590999998,301.10249559999966,0,41.75,194.5
spring-virtual,db,100,3,581.9596176197974,169.944327,216.407367,297.384539,0,29.96,199.5
spring-virtual,db,10,1,189.81628440190187,51.8996825,54.32300494999999,67.6765326899999,0,97.5,171.1
spring-virtual,db,10,2,191.6991356402831,51.476465,53.066247999999995,66.36527314000003,0,33.43,165.1
spring-virtual,db,10,3,191.6341033351331,51.485136,52.95829689999999,67.13107884000009,0,14.6,165.2
spring-virtual,db,500,1,573.0664267696451,862.2658449999999,1652.14614175,1689.24930484,0,33.67,326.9
spring-virtual,db,500,2,578.8126746949106,862.043784,1642.8172117999998,1684.6587484000001,0,48.69,439.0
spring-virtual,db,500,3,574.5263448330919,867.517604,1666.307146,1732.50888705,0,28.87,557.3
spring-virtual,io,100,1,535.5816415086987,201.86611299999998,206.97807590000002,220.3442715,0,60.26,161.8
spring-virtual,io,100,2,536.2131999773867,201.9656685,207.2351455,219.0865998,0,17.7,166.8
spring-virtual,io,100,3,537.0916320869256,201.7845045,208.5589607,217.5042744,0,5.19,171.5
spring-virtual,io,10,1,52.885713101012215,203.1747695,218.5263008,224.74175225000002,0,16.71,128.6
spring-virtual,io,10,2,53.70279752429753,201.9123015,208.18663435,215.34211765999999,0,16.07,129.1
spring-virtual,io,10,3,53.78639695422383,201.9887255,205.2952986,216.82668162000002,0,61.14,138.8
spring-virtual,io,500,1,2563.6699611175145,203.419493,232.33055724999997,281.9758394500002,0,85.76,792.0
spring-virtual,io,500,2,2637.9571108955024,202.9808775,216.01380640000002,236.47722437000002,0,47.33,884.6
spring-virtual,io,500,3,2647.8194951818164,203.040425,212.96115619999998,226.65781686,0,36.3,884.8
