root	fastapi-legacy	1	{"roots":1,"nodes":1,"max_version":0,"projects":1,"memberships":1}
version	fastapi-legacy	1	{"roots":1,"nodes":2,"max_version":100,"projects":1,"memberships":1}
root	fastapi-legacy	2	{"roots":8,"nodes":8,"max_version":0,"projects":1,"memberships":1}
version	fastapi-legacy	2	{"roots":1,"nodes":2,"max_version":100,"projects":1,"memberships":1}
root	fastapi-legacy	3	{"roots":14,"nodes":14,"max_version":0,"projects":1,"memberships":1}
version	fastapi-legacy	3	{"roots":1,"nodes":2,"max_version":100,"projects":1,"memberships":1}
root	fastapi-safe	1	{"roots":1,"nodes":1,"max_version":0,"projects":1,"memberships":1}
version	fastapi-safe	1	{"roots":1,"nodes":2,"max_version":1,"projects":1,"memberships":1}
root	fastapi-safe	2	{"roots":1,"nodes":1,"max_version":0,"projects":1,"memberships":1}
version	fastapi-safe	2	{"roots":1,"nodes":2,"max_version":1,"projects":1,"memberships":1}
root	fastapi-safe	3	{"roots":1,"nodes":1,"max_version":0,"projects":1,"memberships":1}
version	fastapi-safe	3	{"roots":1,"nodes":2,"max_version":1,"projects":1,"memberships":1}
root	spring	1	{"roots":1,"nodes":1,"max_version":0,"projects":1,"memberships":1}
version	spring	1	{"roots":1,"nodes":2,"max_version":1,"projects":1,"memberships":1}
root	spring	2	{"roots":1,"nodes":1,"max_version":0,"projects":1,"memberships":1}
version	spring	2	{"roots":1,"nodes":2,"max_version":1,"projects":1,"memberships":1}
root	spring	3	{"roots":1,"nodes":1,"max_version":0,"projects":1,"memberships":1}
version	spring	3	{"roots":1,"nodes":2,"max_version":1,"projects":1,"memberships":1}
