implementation,vus,run,rps,p50_ms,p95_ms,p99_ms,failure_rate,cpu_peak_percent,memory_peak_mib,db_connections_peak
fastapi-legacy,100,1,307.72707109454717,286.031509,707.26751035,1327.3762266600065,0,97.78,61.67,53
fastapi-legacy,100,2,207.08915050876803,454.882382,1004.1502468999997,1404.86636565,0,97.93,61.84,91
fastapi-legacy,100,3,1117.4592141578878,85.99213950000001,145.36409595,196.72974519000113,0,92.21,63.47,91
fastapi-legacy,10,1,218.73446424534373,39.614267,86.8629555,103.77422532,0,97.33,55.61,14
fastapi-legacy,10,2,256.0523254764856,35.269652,85.647459,102.148133,0,97.37,55.37,33
fastapi-legacy,10,3,192.76307171608343,54.9337565,92.49636225,116.97162184999998,0,99.38,55.63,33
fastapi-legacy,300,1,1092.633313527807,116.151198,982.9778643999996,1601.3608311600003,0,92.16,73.4,91
fastapi-legacy,300,2,311.53888582238494,378.108315,3446.76499975,5242.896822949995,0.010694572217111316,97.87,73.42,62
fastapi-legacy,300,3,208.28397605778375,795.338118,5331.5772565,5751.77091334,0.06293234351273831,99.48,75.52,62
fastapi-safe,100,1,182.9884170756255,492.178423,1153.7677569999994,2084.3329180799938,0,98.82,61.72,73
fastapi-safe,100,2,158.9627566326916,636.585956,1147.3836191999999,1652.4152641599985,0,99.63,61.98,91
fastapi-safe,100,3,1190.5711616947094,85.158014,160.1376738,221.63090835999958,0,92.53,62.92,91
fastapi-safe,10,1,217.57620014536312,48.236024,90.56046624999999,108.36905054999986,0,96.93,55.88,23
fastapi-safe,10,2,214.96287122289905,51.00686,90.457527,109.72631452000066,0,100.08,55.67,33
fastapi-safe,10,3,155.7740886179553,67.3780965,101.98333095,119.21237945000006,0,98.91,55.43,33
fastapi-safe,300,1,1099.9165862143302,128.8588785,964.79923735,1539.4931838599996,0,92.75,73.51,91
fastapi-safe,300,2,272.33555827943087,468.552373,4232.089319500001,5336.768295,0.025044722719141325,98.57,74.47,92
fastapi-safe,300,3,141.85360755752885,1056.9790005,5491.607117249999,13547.418251789999,0.09379615952732644,98.05,75.75,91
spring,100,1,3459.053238404993,25.529074,71.75020775,101.27127840000007,0,226.69,212.4,91
spring,100,2,3136.749553668684,28.311616,80.216662,125.5184759999993,0,238.69,230.9,91
spring,100,3,3538.279118857704,25.334395999999998,69.44806715,102.71118462999993,0,231.61,252.4,91
spring,10,1,3031.899824002271,1.005461,18.1100024,36.048436160000016,0,224.46,176.6,33
spring,10,2,3423.147763619122,0.9076409999999999,16.561368649999988,33.200133629999996,0,192.77,176.9,33
spring,10,3,3389.0627599295794,0.9224085,16.982278649999994,33.5226346299999,0,197.04,179.0,33
spring,300,1,3342.7626079004503,77.178081,187.82223919999996,304.59890851999967,0,234.37,915.3,91
spring,300,2,2674.651732651667,100.6597965,276.9373644999997,394.90782517,0,225.36,923.3,33
spring,300,3,4267.278275288041,69.169504,148.74829719999994,239.79835796,0,236.73,919.0,62
